﻿<?xml version="1.0" encoding="utf-8" ?>
<Language Name="English">
  <LocaleResource Name="Plugin.BulkImport.CsvImport">
    <Value>Csv Import</Value>
  </LocaleResource>
  <LocaleResource Name="Plugin.BulkImport.ImportOrders.Title">
    <Value>Import Orders</Value>
  </LocaleResource>
  <LocaleResource Name="Plugin.BulkImport.ImportCustomers.Title">
    <Value>Import Customers</Value>
  </LocaleResource>
<LocaleResource Name="Plugin.BulkImport.ImportOrders.Submit">
    <Value>Import Orders</Value>
  </LocaleResource>
<LocaleResource Name="Plugin.BulkImport.ImportCustomers.Submit">
    <Value>Import Customers</Value>
  </LocaleResource>
  <LocaleResource Name="Plugin.BulkImport.ImportOrders.Success">
    <Value>Orders have been successfully imported</Value>
  </LocaleResource>
<LocaleResource Name="Plugin.BulkImport.ImportCustomers.Success">
    <Value>Customers have been successfully imported</Value>
  </LocaleResource>
  <LocaleResource Name="Plugin.BulkImport.ImportOrders.FileNotSet">
    <Value>Orders file not set</Value>
  </LocaleResource>
<LocaleResource Name="Plugin.BulkImport.ImportCustomers.FileNotSet">
    <Value>Customers file not set</Value>
  </LocaleResource>
    <LocaleResource Name="Plugin.BulkImport.ImportOrders.Error">
    <Value>Import failed</Value>
  </LocaleResource>
<LocaleResource Name="Plugin.BulkImport.ImportCustomers.Error">
    <Value>Import failed</Value>
  </LocaleResource>
  

  <LocaleResource Name="Plugin.BulkImport.ImportCategories.Title">
    <Value>Import Categories</Value>
  </LocaleResource>
<LocaleResource Name="Plugin.BulkImport.ImportCategories.Submit">
    <Value>Import Categories</Value>
  </LocaleResource>
<LocaleResource Name="Plugin.BulkImport.ImportCategories.Success">
    <Value>Categories have been successfully imported</Value>
  </LocaleResource>
<LocaleResource Name="Plugin.BulkImport.ImportCategories.FileNotSet">
    <Value>Categories file not set</Value>
  </LocaleResource>
<LocaleResource Name="Plugin.BulkImport.ImportCategories.Error">
    <Value>Import failed</Value>
  </LocaleResource>

</Language>