﻿<?xml version="1.0" encoding="utf-8" ?>
<Language Name="English">
  <LocaleResource Name="Plugin.Widget.Donation">
    <Value>Donation</Value>
  </LocaleResource>
  <LocaleResource Name="Plugin.Widget.Donation.WidgetZone">
    <Value>Widget zone</Value>
  </LocaleResource>
  <LocaleResource Name="Plugin.Widget.Donation.Submit">
    <Value>Submit</Value>
  </LocaleResource>
  <LocaleResource Name="Plugin.Widget.DonationAmount.Title">
    <Value>Donation Amount</Value>
  </LocaleResource>
  <LocaleResource Name="Plugin.Widget.DonationAmount.Text">
    <Value>Please choose an amount for your regular donation</Value>
  </LocaleResource>
  <LocaleResource Name="Plugin.Widget.DonationDetails.Title">
    <Value>Your address</Value>
  </LocaleResource>
  <LocaleResource Name="Plugin.Widget.DonationDetails.Monthly">
    <Value>Monthly</Value>
  </LocaleResource>
  <LocaleResource Name="Plugin.Widget.DonationDetails.Quarterly">
    <Value>Quarterly</Value>
  </LocaleResource>
  <LocaleResource Name="Plugin.Widget.DonationDetails.Annually">
    <Value>Annually</Value>
  </LocaleResource>
  <LocaleResource Name="Plugin.Widget.DonationDetails.Daily">
    <Value>Daily</Value>
  </LocaleResource>
  <LocaleResource Name="Plugin.Widget.DonationDetails.Sum">
    <Value>Enter other amount</Value>
  </LocaleResource>
  <LocaleResource Name="Plugin.Widget.PaymentDetails.AccountHolder">
    <Value>Name(s) of account holder(s)</Value>
  </LocaleResource>
  <LocaleResource Name="Plugin.Widget.PaymentDetails.AccountNumber">
    <Value>Bank account number</Value>
  </LocaleResource>
  <LocaleResource Name="Plugin.Widget.PaymentDetails.DonationDate">
    <Value>Donation date</Value>
  </LocaleResource>
  <LocaleResource Name="Plugin.Widget.PaymentDetails.SortCode">
    <Value>Branch sort code</Value>
  </LocaleResource>
  <LocaleResource Name="Plugin.Widget.PaymentDetails.Title">
    <Value>Your bank account details</Value>
  </LocaleResource>
  <LocaleResource Name="Plugin.Widget.PaymentDetails.Text">
    <Value>Text</Value>
  </LocaleResource>
  <LocaleResource Name="Plugin.Widget.PaymentDetails.Payment">
    <Value>Payment Method</Value>
  </LocaleResource>
  <LocaleResource Name="Plugin.Widget.PaymentDetails.Frequency">
    <Value>Cycle period</Value>
  </LocaleResource>
  <LocaleResource Name="ShopFast.Plugins.WidgetDonation.PaymentMethod">
    <Value>Payment Method</Value>
  </LocaleResource>
  <LocaleResource Name="ShopFast.Plugins.WidgetDonation.CustomerComments">
    <Value>Comments</Value>
  </LocaleResource>
  <LocaleResource Name="ShopFast.Plugins.WidgetDonation.ExistingBillingAddresses">
    <Value>Existing billing addresses</Value>
  </LocaleResource>
  <LocaleResource Name="ShopFast.Plugins.WidgetDonation.ExistingShippingAddresses">
    <Value>Existing shipping addresses</Value>
  </LocaleResource>
  <LocaleResource Name="ShopFast.Plugins.WidgetDonation.UseDifferentAddressForBilling">
    <Value>Use different address for billing ?</Value>
  </LocaleResource>
  <LocaleResource Name="ShopFast.Plugins.Donation.ExistingBillingAddresses">
    <Value>Existing billing addresses</Value>
  </LocaleResource>
  <LocaleResource Name="ShopFast.Plugins.WidgetDonation.ExistingShippingAddresses">
    <Value>Existing shipping addresses</Value>
  </LocaleResource>
  <LocaleResource Name="ShopFast.Plugins.WidgetDonation.FaxPhone">
    <Value>FaxPhone</Value>
  </LocaleResource>
  <LocaleResource Name="ShopFast.Plugins.WidgetDonation.Address">
    <Value>Aditional address</Value>
  </LocaleResource>
  <LocaleResource Name="ShopFast.Plugins.WidgetDonation.Checkout">
    <Value>Checkout details</Value>
  </LocaleResource>
  <LocaleResource Name="ShopFast.Plugins.WidgetDonation.SuccessConfirm">
    <Value>Your donation has been successfully processed!</Value>
  </LocaleResource>
  <LocaleResource Name="ShopFast.Plugins.WidgetDonation.Confirm">
    <Value>Confirm</Value>
  </LocaleResource>
<LocaleResource Name="ShopFast.Plugins.DonationPayment.AnonymousNotAllowed">
    <Value>Anonymous checkout is not allowed</Value>
  </LocaleResource>
<LocaleResource Name="ShopFast.Plugins.DonationPayment.AnonymousNotAllowed">
    <Value>Anonymous checkout is not allowed</Value>
  </LocaleResource>
<LocaleResource Name="ShopFast.Plugins.DonationPayment.PaymentMethodNotSelected">
    <Value>Payment method is not selected</Value>
  </LocaleResource>
<LocaleResource Name="ShopFast.Plugins.DonationPayment.IncorrectPaymentInfo">
    <Value>Payment information is not entered correctly</Value>
  </LocaleResource>
<LocaleResource Name="ShopFast.Plugins.DonationPayment.NotEnteredPaymentInfo">
    <Value>Payment information is not entered</Value>
  </LocaleResource>
  <LocaleResource Name="ShopFast.Plugins.WidgetDonation.PaymentType">
    <Value>Payment type</Value>
  </LocaleResource>
  <LocaleResource Name="ShopFast.Plugins.WidgetDonation.OneTime">
    <Value>One Time</Value>
  </LocaleResource>
  <LocaleResource Name="ShopFast.Plugins.WidgetDonation.Recurring">
    <Value>Recurring</Value>
  </LocaleResource>
  <LocaleResource Name="ShopFast.Plugins.WidgetDonation.Daily">
    <Value>Daily</Value>
  </LocaleResource>
  <LocaleResource Name="ShopFast.Plugins.WidgetDonation.Monthly">
    <Value>Monthly</Value>
  </LocaleResource>
  <LocaleResource Name="ShopFast.Plugins.WidgetDonation.Quaterly">
    <Value>Quaterly</Value>
  </LocaleResource>
  <LocaleResource Name="ShopFast.Plugins.WidgetDonation.Annually">
    <Value>Annually</Value>
  </LocaleResource>
  <LocaleResource Name="ShopFast.Plugins.WidgetDonation.Title">
    <Value>Billing Address</Value>
  </LocaleResource>
  <LocaleResource Name="ShopFast.Plugins.WidgetDonation.DonationDetails">
    <Value>See details</Value>
  </LocaleResource>
</Language>