﻿<?xml version="1.0" encoding="utf-8" ?>
<Language Name="English">
  <LocaleResource Name="ShopFast.Plugin.Misc.Reports.List">
    <Value>Reports</Value>
  </LocaleResource>
  <LocaleResource Name="ShopFast.Plugin.Misc.Reports.Report">
    <Value>Report</Value>
  </LocaleResource>
  <LocaleResource Name="ShopFast.Plugin.Misc.Reports.ReportAttribute">
    <Value>Report Attribute</Value>
  </LocaleResource>
  <LocaleResource Name="ShopFast.Plugin.Misc.Reports.ReportAttributes">
    <Value>Report Attributes</Value>
  </LocaleResource>
  <LocaleResource Name="ShopFast.Plugin.Misc.Reports.AddNew">
    <Value>Add new Report</Value>
  </LocaleResource>
  <LocaleResource Name="ShopFast.Plugin.Misc.Reports.Id">
    <Value>Id</Value>
  </LocaleResource>
  <LocaleResource Name="ShopFast.Plugin.Misc.Reports.Name">
    <Value>Name</Value>
  </LocaleResource>
  <LocaleResource Name="ShopFast.Plugin.Misc.Reports.CreatedUtc">
    <Value>Created On</Value>
  </LocaleResource>
  <LocaleResource Name="ShopFast.Plugin.Misc.Reports.SqlCode">
    <Value>SQL</Value>
  </LocaleResource>
  <LocaleResource Name="ShopFast.Plugin.Misc.Reports.SqlCodeDetail">
    <Value>SQL Detail</Value>
  </LocaleResource>
  <LocaleResource Name="ShopFast.Plugin.Misc.Reports.HtmlCode">
    <Value>HTML5/JavaScript</Value>
  </LocaleResource>
  <LocaleResource Name="ShopFast.Plugin.Misc.Reports.DateTimeFormatingString">
    <Value>Date Format</Value>
  </LocaleResource>
  <LocaleResource Name="ShopFast.Plugin.Misc.Reports.Create">
    <Value>Create Report</Value>
  </LocaleResource>
  <LocaleResource Name="ShopFast.Plugin.Misc.Reports.Edit">
    <Value>Edit Report</Value>
  </LocaleResource>
  <LocaleResource Name="ShopFast.Plugin.Misc.Reports.View">
    <Value>View Report</Value>
  </LocaleResource>
  <LocaleResource Name="ShopFast.Plugin.Misc.Reports.Save">
    <Value>Save Report</Value>
  </LocaleResource>
  <LocaleResource Name="ShopFast.Plugin.Misc.Reports.BackToList">
    <Value>back to report list</Value>
  </LocaleResource>
  <LocaleResource Name="ShopFast.Plugin.Misc.Reports.SaveSuccess">
    <Value>Report saved</Value>
  </LocaleResource>
  <LocaleResource Name="ShopFast.Plugin.Misc.Reports.SaveError">
    <Value>Report not saved</Value>
  </LocaleResource>
  <LocaleResource Name="ShopFast.Plugin.Misc.Reports.ReportAttributeType">
    <Value>Attribute Control Type</Value>
  </LocaleResource>
  <LocaleResource Name="ShopFast.Plugin.Misc.Reports.Result">
    <Value>Result</Value>
  </LocaleResource>
  <LocaleResource Name="ShopFast.Plugin.Misc.Reports.Params">
    <Value>Report Params</Value>
  </LocaleResource>
  <LocaleResource Name="ShopFast.Plugin.Misc.Reports.Print">
    <Value>Print</Value>
  </LocaleResource>
  <LocaleResource Name="ShopFast.Plugin.Misc.Reports.Pdf">
    <Value>Pdf</Value>
  </LocaleResource>
  <LocaleResource Name="ShopFast.Plugin.Misc.Reports.Excel">
    <Value>Excel</Value>
  </LocaleResource>
  <LocaleResource Name="ShopFast.Plugin.Misc.Reports.ApplyReportAttributes">
    <Value>Apply Report Attributes</Value>
  </LocaleResource>
  <LocaleResource Name="ShopFast.Plugin.Misc.Reports.DbName">
    <Value>DataBase Name</Value>
  </LocaleResource>
  <LocaleResource Name="ShopFast.Plugin.Misc.Reports.DbNameHolder">
    <Value>DataBase Name Holder</Value>
  </LocaleResource>
  <LocaleResource Name="ShopFast.Plugin.Misc.Reports.UpdateExistingReports">
    <Value>Update existing reports</Value>
  </LocaleResource>
  <LocaleResource Name="ShopFast.Plugin.Misc.Reports.UpdateExistingReports.Hint">
    <Value>If "No" then it will delete old with the same name and insert new</Value>
  </LocaleResource>
</Language>
