﻿<Language Name="English" isDefault="true">
  <LocaleResource Name="Plugin.Misc.PayNowGenerator">
    <Value>Pay now generator</Value>
  </LocaleResource>
  <LocaleResource Name="Plugin.Misc.PayNowGenerator.ButtonGenerator">
    <Value>Button generator</Value>
  </LocaleResource>
  <LocaleResource Name="Plugin.Misc.PayNowGenerator.PayNow">
    <Value>Pay now</Value>
  </LocaleResource>
  <LocaleResource Name="Plugin.Misc.PayNowGenerator.Title">
    <Value>Here you can create shortcodes for payment buttons.</Value>
  </LocaleResource>
<LocaleResource Name="Plugin.Misc.PayNowGenerator.ClickToCopy">
    <Value>Click to copy</Value>
  </LocaleResource>
  <LocaleResource Name="Plugin.Misc.PayNowGenerator.ButtonDesign">
    <Value>Button design: </Value>
  </LocaleResource>
  <LocaleResource Name="Plugin.Misc.PayNowGenerator.ButtonText">
    <Value>Button text: </Value>
  </LocaleResource>
  <LocaleResource Name="Plugin.Misc.PayNowGenerator.ShowPrice">
    <Value>Show price: </Value>
  </LocaleResource>
  <LocaleResource Name="Plugin.Misc.PayNowGenerator.GenerateButton">
    <Value>Generate button</Value>
  </LocaleResource>
  <LocaleResource Name="Plugin.Misc.PayNowGenerator.ReadyButton">
    <Value>Select button style</Value>
  </LocaleResource>
  <LocaleResource Name="Plugin.Misc.PayNowGenerator.SelectBackgroundColor">
    <Value>Select background color </Value>
  </LocaleResource>
  <LocaleResource Name="Plugin.Misc.PayNowGenerator.SelectTextColor">
    <Value>Select text color </Value>
  </LocaleResource>
  <LocaleResource Name="Plugin.Misc.PayNowGenerator.SelectButtonSize">
    <Value>Select button size </Value>
  </LocaleResource>
  <LocaleResource Name="Plugin.Misc.PayNowGenerator.SelectButtonStyle">
    <Value>Select button style</Value>
  </LocaleResource>
  <LocaleResource Name="Plugin.Misc.PayNowGenerator.Icon">
    <Value>Icon</Value>
  </LocaleResource>
  <LocaleResource Name="Plugin.Misc.PayNowGenerator.Icons">
    <Value>Icons</Value>
  </LocaleResource>
  <LocaleResource Name="Plugin.Misc.PayNowGenerator.Position">
    <Value>Position</Value>
  </LocaleResource>
  <LocaleResource Name="Plugin.Misc.PayNowGenerator.Left">
    <Value>Left</Value>
  </LocaleResource>
  <LocaleResource Name="Plugin.Misc.PayNowGenerator.Right">
    <Value>Right</Value>
  </LocaleResource>
  <LocaleResource Name="Plugin.Misc.PayNowGenerator.Preview">
    <Value>Preview: </Value>
  </LocaleResource>
</Language>