﻿<Language Name="Russian">
  <LocaleResource Name="Plugin.Misc.PayNowGenerator">
    <Value>Генератор кнопки оплатить</Value>
  </LocaleResource>
  <LocaleResource Name="Plugin.Misc.PayNowGenerator.ButtonGenerator">
    <Value>Генератор кнопки</Value>
  </LocaleResource>
  <LocaleResource Name="Plugin.Misc.PayNowGenerator.PayNow">
    <Value>Оплатить сейчас</Value>
  </LocaleResource>
  <LocaleResource Name="Plugin.Misc.PayNowGenerator.Title">
    <Value>Сдесь вы можете сгенерировать код для кнопки оплатить сейчас.</Value>
  </LocaleResource>
  <LocaleResource Name="Plugin.Misc.PayNowGenerator.ButtonDesign">
    <Value>Дизайн кнопки: </Value>
  </LocaleResource>
  <LocaleResource Name="Plugin.Misc.PayNowGenerator.ButtonText">
    <Value>Текст кнопки: </Value>
  </LocaleResource>
  <LocaleResource Name="Plugin.Misc.PayNowGenerator.ShowPrice">
    <Value>Показать цену: </Value>
  </LocaleResource>
  <LocaleResource Name="Plugin.Misc.PayNowGenerator.GenerateButton">
    <Value>Сгенерировать кнопку</Value>
  </LocaleResource>
  <LocaleResource Name="Plugin.Misc.PayNowGenerator.ReadyButton">
    <Value>Готовые кнопки</Value>
  </LocaleResource>
  <LocaleResource Name="Plugin.Misc.PayNowGenerator.SelectBackgroundColor">
    <Value>Выбрать цвет кнопки </Value>
  </LocaleResource>
  <LocaleResource Name="Plugin.Misc.PayNowGenerator.SelectTextColor">
    <Value>Выбрать цвет текста </Value>
  </LocaleResource>
  <LocaleResource Name="Plugin.Misc.PayNowGenerator.SelectButtonSize">
    <Value>Выбрать размер кнопки </Value>
  </LocaleResource>
  <LocaleResource Name="Plugin.Misc.PayNowGenerator.SelectButtonStyle">
    <Value>Выбрать стиль кнопки</Value>
  </LocaleResource>
  <LocaleResource Name="Plugin.Misc.PayNowGenerator.Icon">
    <Value>Иконка</Value>
  </LocaleResource>
  <LocaleResource Name="Plugin.Misc.PayNowGenerator.Icons">
    <Value>Иконки</Value>
  </LocaleResource>
  <LocaleResource Name="Plugin.Misc.PayNowGenerator.Position">
    <Value>Позиция</Value>
  </LocaleResource>
  <LocaleResource Name="Plugin.Misc.PayNowGenerator.Left">
    <Value>Лево</Value>
  </LocaleResource>
  <LocaleResource Name="Plugin.Misc.PayNowGenerator.Right">
    <Value>Право</Value>
  </LocaleResource>
  <LocaleResource Name="Plugin.Misc.PayNowGenerator.Preview">
    <Value>Предварительный просмотр: </Value>
  </LocaleResource>
</Language>